dataset_row_zero_based,mol_id,failing_operation,atom_index,exception_type,message,rdkit_version
484,26819,Chem.RemoveHs,1,AtomValenceException,"Explicit valence for atom # 1 C, 4, is greater than permitted",2026.03.4
628,53493,Chem.RemoveHs,2,AtomValenceException,"Explicit valence for atom # 2 C, 4, is greater than permitted",2026.03.4
897,44099,Chem.RemoveHs,5,AtomValenceException,"Explicit valence for atom # 5 C, 4, is greater than permitted",2026.03.4
1718,61385,Chem.RemoveHs,5,AtomValenceException,"Explicit valence for atom # 5 C, 4, is greater than permitted",2026.03.4
1904,68473,Chem.RemoveHs,1,AtomValenceException,"Explicit valence for atom # 1 C, 4, is greater than permitted",2026.03.4
2023,79674,Chem.RemoveHs,2,AtomValenceException,"Explicit valence for atom # 2 C, 4, is greater than permitted",2026.03.4
2261,11492,Chem.RemoveHs,5,AtomValenceException,"Explicit valence for atom # 5 C, 4, is greater than permitted",2026.03.4
2639,26624,Chem.RemoveHs,2,AtomValenceException,"Explicit valence for atom # 2 C, 4, is greater than permitted",2026.03.4
2670,43514,Chem.RemoveHs,1,AtomValenceException,"Explicit valence for atom # 1 C, 4, is greater than permitted",2026.03.4
3085,82161,Chem.RemoveHs,1,AtomValenceException,"Explicit valence for atom # 1 C, 4, is greater than permitted",2026.03.4
3949,32619,Chem.RemoveHs,1,AtomValenceException,"Explicit valence for atom # 1 C, 4, is greater than permitted",2026.03.4
4158,38911,Chem.RemoveHs,1,AtomValenceException,"Explicit valence for atom # 1 C, 4, is greater than permitted",2026.03.4
4354,22934,Chem.RemoveHs,4,AtomValenceException,"Explicit valence for atom # 4 C, 4, is greater than permitted",2026.03.4
4578,70249,Chem.RemoveHs,2,AtomValenceException,"Explicit valence for atom # 2 C, 4, is greater than permitted",2026.03.4
4834,66541,Chem.RemoveHs,1,AtomValenceException,"Explicit valence for atom # 1 C, 4, is greater than permitted",2026.03.4
5321,36036,Chem.RemoveHs,1,AtomValenceException,"Explicit valence for atom # 1 C, 4, is greater than permitted",2026.03.4
5455,43727,Chem.RemoveHs,6,AtomValenceException,"Explicit valence for atom # 6 C, 4, is greater than permitted",2026.03.4
6036,77842,Chem.RemoveHs,5,AtomValenceException,"Explicit valence for atom # 5 C, 4, is greater than permitted",2026.03.4
6166,30106,Chem.RemoveHs,6,AtomValenceException,"Explicit valence for atom # 6 C, 4, is greater than permitted",2026.03.4
6399,78749,Chem.RemoveHs,4,AtomValenceException,"Explicit valence for atom # 4 C, 4, is greater than permitted",2026.03.4
6725,58168,Chem.RemoveHs,2,AtomValenceException,"Explicit valence for atom # 2 C, 4, is greater than permitted",2026.03.4
7047,77103,Chem.RemoveHs,6,AtomValenceException,"Explicit valence for atom # 6 C, 4, is greater than permitted",2026.03.4
7144,55488,Chem.RemoveHs,1,AtomValenceException,"Explicit valence for atom # 1 C, 4, is greater than permitted",2026.03.4
7272,51315,Chem.RemoveHs,7,AtomValenceException,"Explicit valence for atom # 7 C, 4, is greater than permitted",2026.03.4
7380,85140,Chem.RemoveHs,2,AtomValenceException,"Explicit valence for atom # 2 C, 4, is greater than permitted",2026.03.4
7489,53092,Chem.RemoveHs,4,AtomValenceException,"Explicit valence for atom # 4 C, 4, is greater than permitted",2026.03.4
7499,91886,Chem.RemoveHs,1,AtomValenceException,"Explicit valence for atom # 1 C, 4, is greater than permitted",2026.03.4
7697,63003,Chem.RemoveHs,5,AtomValenceException,"Explicit valence for atom # 5 C, 4, is greater than permitted",2026.03.4
7847,88905,Chem.RemoveHs,1,AtomValenceException,"Explicit valence for atom # 1 C, 4, is greater than permitted",2026.03.4
8149,59242,Chem.RemoveHs,1,AtomValenceException,"Explicit valence for atom # 1 C, 4, is greater than permitted",2026.03.4
9113,21547,Chem.RemoveHs,1,AtomValenceException,"Explicit valence for atom # 1 C, 4, is greater than permitted",2026.03.4
9731,89642,Chem.RemoveHs,1,AtomValenceException,"Explicit valence for atom # 1 C, 4, is greater than permitted",2026.03.4
9756,74011,Chem.RemoveHs,3,AtomValenceException,"Explicit valence for atom # 3 C, 4, is greater than permitted",2026.03.4
10081,19423,Chem.RemoveHs,4,AtomValenceException,"Explicit valence for atom # 4 C, 4, is greater than permitted",2026.03.4
10202,82898,Chem.RemoveHs,1,AtomValenceException,"Explicit valence for atom # 1 C, 4, is greater than permitted",2026.03.4
11133,1206,Chem.RemoveHs,2,AtomValenceException,"Explicit valence for atom # 2 C, 4, is greater than permitted",2026.03.4
11509,16728,Chem.RemoveHs,1,AtomValenceException,"Explicit valence for atom # 1 C, 4, is greater than permitted",2026.03.4
11539,72267,Chem.RemoveHs,6,AtomValenceException,"Explicit valence for atom # 6 C, 4, is greater than permitted",2026.03.4
11697,84619,Chem.RemoveHs,5,AtomValenceException,"Explicit valence for atom # 5 C, 4, is greater than permitted",2026.03.4
11794,40364,Chem.RemoveHs,1,AtomValenceException,"Explicit valence for atom # 1 C, 4, is greater than permitted",2026.03.4
12311,87021,Chem.RemoveHs,7,AtomValenceException,"Explicit valence for atom # 7 C, 4, is greater than permitted",2026.03.4
12573,81226,Chem.RemoveHs,1,AtomValenceException,"Explicit valence for atom # 1 C, 4, is greater than permitted",2026.03.4
12582,31827,Chem.RemoveHs,7,AtomValenceException,"Explicit valence for atom # 7 C, 4, is greater than permitted",2026.03.4
13004,64764,Chem.RemoveHs,2,AtomValenceException,"Explicit valence for atom # 2 C, 4, is greater than permitted",2026.03.4
13287,34110,Chem.RemoveHs,2,AtomValenceException,"Explicit valence for atom # 2 C, 4, is greater than permitted",2026.03.4
13377,81874,Chem.RemoveHs,2,AtomValenceException,"Explicit valence for atom # 2 C, 4, is greater than permitted",2026.03.4
13527,18842,Chem.RemoveHs,1,AtomValenceException,"Explicit valence for atom # 1 C, 4, is greater than permitted",2026.03.4
13613,90911,Chem.RemoveHs,5,AtomValenceException,"Explicit valence for atom # 5 C, 4, is greater than permitted",2026.03.4
13710,15356,Chem.RemoveHs,4,AtomValenceException,"Explicit valence for atom # 4 C, 4, is greater than permitted",2026.03.4
13741,96195,Chem.RemoveHs,1,AtomValenceException,"Explicit valence for atom # 1 C, 4, is greater than permitted",2026.03.4
13934,89260,Chem.RemoveHs,3,AtomValenceException,"Explicit valence for atom # 3 C, 4, is greater than permitted",2026.03.4
14587,68446,Chem.RemoveHs,1,AtomValenceException,"Explicit valence for atom # 1 C, 4, is greater than permitted",2026.03.4
15022,50692,Chem.RemoveHs,5,AtomValenceException,"Explicit valence for atom # 5 C, 4, is greater than permitted",2026.03.4
15260,74858,Chem.RemoveHs,1,AtomValenceException,"Explicit valence for atom # 1 C, 4, is greater than permitted",2026.03.4
15638,97646,Chem.RemoveHs,1,AtomValenceException,"Explicit valence for atom # 1 C, 4, is greater than permitted",2026.03.4
15805,31546,Chem.RemoveHs,1,AtomValenceException,"Explicit valence for atom # 1 C, 4, is greater than permitted",2026.03.4
15890,45115,Chem.RemoveHs,1,AtomValenceException,"Explicit valence for atom # 1 C, 4, is greater than permitted",2026.03.4
16298,87020,Chem.RemoveHs,1,AtomValenceException,"Explicit valence for atom # 1 C, 4, is greater than permitted",2026.03.4
16997,97931,Chem.RemoveHs,1,AtomValenceException,"Explicit valence for atom # 1 C, 4, is greater than permitted",2026.03.4
17082,97349,Chem.RemoveHs,1,AtomValenceException,"Explicit valence for atom # 1 C, 4, is greater than permitted",2026.03.4
17374,40205,Chem.RemoveHs,4,AtomValenceException,"Explicit valence for atom # 4 C, 4, is greater than permitted",2026.03.4
17505,33900,Chem.RemoveHs,1,AtomValenceException,"Explicit valence for atom # 1 C, 4, is greater than permitted",2026.03.4
18589,23389,Chem.RemoveHs,2,AtomValenceException,"Explicit valence for atom # 2 C, 4, is greater than permitted",2026.03.4
18660,36646,Chem.RemoveHs,4,AtomValenceException,"Explicit valence for atom # 4 C, 4, is greater than permitted",2026.03.4
19110,61073,Chem.RemoveHs,2,AtomValenceException,"Explicit valence for atom # 2 C, 4, is greater than permitted",2026.03.4
19133,25914,Chem.RemoveHs,2,AtomValenceException,"Explicit valence for atom # 2 C, 4, is greater than permitted",2026.03.4
19643,95674,Chem.RemoveHs,1,AtomValenceException,"Explicit valence for atom # 1 C, 4, is greater than permitted",2026.03.4
19658,90958,Chem.RemoveHs,2,AtomValenceException,"Explicit valence for atom # 2 C, 4, is greater than permitted",2026.03.4
20303,95021,Chem.RemoveHs,1,AtomValenceException,"Explicit valence for atom # 1 C, 4, is greater than permitted",2026.03.4
21459,58368,Chem.RemoveHs,4,AtomValenceException,"Explicit valence for atom # 4 C, 4, is greater than permitted",2026.03.4
21528,10147,Chem.RemoveHs,2,AtomValenceException,"Explicit valence for atom # 2 C, 4, is greater than permitted",2026.03.4
21850,6371,Chem.RemoveHs,1,AtomValenceException,"Explicit valence for atom # 1 C, 4, is greater than permitted",2026.03.4
22310,6585,Chem.RemoveHs,1,AtomValenceException,"Explicit valence for atom # 1 C, 4, is greater than permitted",2026.03.4
22319,88668,Chem.RemoveHs,1,AtomValenceException,"Explicit valence for atom # 1 C, 4, is greater than permitted",2026.03.4
22543,29526,Chem.RemoveHs,1,AtomValenceException,"Explicit valence for atom # 1 C, 4, is greater than permitted",2026.03.4
22613,9946,Chem.RemoveHs,2,AtomValenceException,"Explicit valence for atom # 2 C, 4, is greater than permitted",2026.03.4
22839,19322,Chem.RemoveHs,1,AtomValenceException,"Explicit valence for atom # 1 C, 4, is greater than permitted",2026.03.4
22921,28084,Chem.RemoveHs,6,AtomValenceException,"Explicit valence for atom # 6 C, 4, is greater than permitted",2026.03.4
23305,72977,Chem.RemoveHs,5,AtomValenceException,"Explicit valence for atom # 5 C, 4, is greater than permitted",2026.03.4
23321,78352,Chem.RemoveHs,1,AtomValenceException,"Explicit valence for atom # 1 C, 4, is greater than permitted",2026.03.4
23453,12022,Chem.RemoveHs,5,AtomValenceException,"Explicit valence for atom # 5 C, 4, is greater than permitted",2026.03.4
23644,11856,Chem.RemoveHs,1,AtomValenceException,"Explicit valence for atom # 1 C, 4, is greater than permitted",2026.03.4
23813,21313,Chem.RemoveHs,1,AtomValenceException,"Explicit valence for atom # 1 C, 4, is greater than permitted",2026.03.4
24046,97277,Chem.RemoveHs,1,AtomValenceException,"Explicit valence for atom # 1 C, 4, is greater than permitted",2026.03.4
24678,67430,Chem.RemoveHs,1,AtomValenceException,"Explicit valence for atom # 1 C, 4, is greater than permitted",2026.03.4
24731,13364,Chem.RemoveHs,1,AtomValenceException,"Explicit valence for atom # 1 C, 4, is greater than permitted",2026.03.4
25146,77467,Chem.RemoveHs,1,AtomValenceException,"Explicit valence for atom # 1 C, 4, is greater than permitted",2026.03.4
25570,44170,Chem.RemoveHs,1,AtomValenceException,"Explicit valence for atom # 1 C, 4, is greater than permitted",2026.03.4
25595,45556,Chem.RemoveHs,2,AtomValenceException,"Explicit valence for atom # 2 C, 4, is greater than permitted",2026.03.4
26880,48919,Chem.RemoveHs,1,AtomValenceException,"Explicit valence for atom # 1 C, 4, is greater than permitted",2026.03.4
27158,42963,Chem.RemoveHs,6,AtomValenceException,"Explicit valence for atom # 6 C, 4, is greater than permitted",2026.03.4
27244,77264,Chem.RemoveHs,2,AtomValenceException,"Explicit valence for atom # 2 C, 4, is greater than permitted",2026.03.4
27639,82637,Chem.RemoveHs,1,AtomValenceException,"Explicit valence for atom # 1 C, 4, is greater than permitted",2026.03.4
27647,62441,Chem.RemoveHs,1,AtomValenceException,"Explicit valence for atom # 1 C, 4, is greater than permitted",2026.03.4
27757,23816,Chem.RemoveHs,1,AtomValenceException,"Explicit valence for atom # 1 C, 4, is greater than permitted",2026.03.4
28018,15240,Chem.RemoveHs,1,AtomValenceException,"Explicit valence for atom # 1 C, 4, is greater than permitted",2026.03.4
28233,92179,Chem.RemoveHs,1,AtomValenceException,"Explicit valence for atom # 1 C, 4, is greater than permitted",2026.03.4
29245,27619,Chem.RemoveHs,1,AtomValenceException,"Explicit valence for atom # 1 C, 4, is greater than permitted",2026.03.4
29937,75065,Chem.RemoveHs,1,AtomValenceException,"Explicit valence for atom # 1 C, 4, is greater than permitted",2026.03.4
30428,33578,Chem.RemoveHs,1,AtomValenceException,"Explicit valence for atom # 1 C, 4, is greater than permitted",2026.03.4
30446,49250,Chem.RemoveHs,1,AtomValenceException,"Explicit valence for atom # 1 C, 4, is greater than permitted",2026.03.4
31682,64906,Chem.RemoveHs,5,AtomValenceException,"Explicit valence for atom # 5 C, 4, is greater than permitted",2026.03.4
32293,72103,Chem.RemoveHs,6,AtomValenceException,"Explicit valence for atom # 6 C, 4, is greater than permitted",2026.03.4
32650,76978,Chem.RemoveHs,1,AtomValenceException,"Explicit valence for atom # 1 C, 4, is greater than permitted",2026.03.4
32687,88562,Chem.RemoveHs,6,AtomValenceException,"Explicit valence for atom # 6 C, 4, is greater than permitted",2026.03.4
32895,69031,Chem.RemoveHs,1,AtomValenceException,"Explicit valence for atom # 1 C, 4, is greater than permitted",2026.03.4
34437,95165,Chem.RemoveHs,2,AtomValenceException,"Explicit valence for atom # 2 C, 4, is greater than permitted",2026.03.4
34479,64576,Chem.RemoveHs,7,AtomValenceException,"Explicit valence for atom # 7 C, 4, is greater than permitted",2026.03.4
34502,44538,Chem.RemoveHs,1,AtomValenceException,"Explicit valence for atom # 1 C, 4, is greater than permitted",2026.03.4
34773,8331,Chem.RemoveHs,1,AtomValenceException,"Explicit valence for atom # 1 C, 4, is greater than permitted",2026.03.4
34832,74197,Chem.RemoveHs,1,AtomValenceException,"Explicit valence for atom # 1 C, 4, is greater than permitted",2026.03.4
36865,86320,Chem.RemoveHs,1,AtomValenceException,"Explicit valence for atom # 1 C, 4, is greater than permitted",2026.03.4
37084,2393,Chem.RemoveHs,5,AtomValenceException,"Explicit valence for atom # 5 C, 4, is greater than permitted",2026.03.4
37402,23873,Chem.RemoveHs,1,AtomValenceException,"Explicit valence for atom # 1 C, 4, is greater than permitted",2026.03.4
37475,59556,Chem.RemoveHs,4,AtomValenceException,"Explicit valence for atom # 4 C, 4, is greater than permitted",2026.03.4
37726,57273,Chem.RemoveHs,2,AtomValenceException,"Explicit valence for atom # 2 C, 4, is greater than permitted",2026.03.4
37827,86574,Chem.RemoveHs,2,AtomValenceException,"Explicit valence for atom # 2 C, 4, is greater than permitted",2026.03.4
37982,39982,Chem.RemoveHs,1,AtomValenceException,"Explicit valence for atom # 1 C, 4, is greater than permitted",2026.03.4
38298,46835,Chem.RemoveHs,2,AtomValenceException,"Explicit valence for atom # 2 C, 4, is greater than permitted",2026.03.4
38299,53322,Chem.RemoveHs,5,AtomValenceException,"Explicit valence for atom # 5 C, 4, is greater than permitted",2026.03.4
38370,64909,Chem.RemoveHs,2,AtomValenceException,"Explicit valence for atom # 2 C, 4, is greater than permitted",2026.03.4
38643,37097,Chem.RemoveHs,1,AtomValenceException,"Explicit valence for atom # 1 C, 4, is greater than permitted",2026.03.4
39039,45957,Chem.RemoveHs,6,AtomValenceException,"Explicit valence for atom # 6 C, 4, is greater than permitted",2026.03.4
39807,76213,Chem.RemoveHs,2,AtomValenceException,"Explicit valence for atom # 2 C, 4, is greater than permitted",2026.03.4
39843,64260,Chem.RemoveHs,2,AtomValenceException,"Explicit valence for atom # 2 C, 4, is greater than permitted",2026.03.4
40204,3505,Chem.RemoveHs,1,AtomValenceException,"Explicit valence for atom # 1 C, 4, is greater than permitted",2026.03.4
40343,83578,Chem.RemoveHs,4,AtomValenceException,"Explicit valence for atom # 4 C, 4, is greater than permitted",2026.03.4
40387,84376,Chem.RemoveHs,1,AtomValenceException,"Explicit valence for atom # 1 C, 4, is greater than permitted",2026.03.4
40446,80824,Chem.RemoveHs,1,AtomValenceException,"Explicit valence for atom # 1 C, 4, is greater than permitted",2026.03.4
41139,90169,Chem.RemoveHs,5,AtomValenceException,"Explicit valence for atom # 5 C, 4, is greater than permitted",2026.03.4
41276,24719,Chem.RemoveHs,6,AtomValenceException,"Explicit valence for atom # 6 C, 4, is greater than permitted",2026.03.4
41450,97194,Chem.RemoveHs,5,AtomValenceException,"Explicit valence for atom # 5 C, 4, is greater than permitted",2026.03.4
42123,71125,Chem.RemoveHs,1,AtomValenceException,"Explicit valence for atom # 1 C, 4, is greater than permitted",2026.03.4
42127,10545,Chem.RemoveHs,1,AtomValenceException,"Explicit valence for atom # 1 C, 4, is greater than permitted",2026.03.4
42452,50030,Chem.RemoveHs,2,AtomValenceException,"Explicit valence for atom # 2 C, 4, is greater than permitted",2026.03.4
42519,65486,Chem.RemoveHs,2,AtomValenceException,"Explicit valence for atom # 2 C, 4, is greater than permitted",2026.03.4
42735,94938,Chem.RemoveHs,4,AtomValenceException,"Explicit valence for atom # 4 C, 4, is greater than permitted",2026.03.4
43163,84832,Chem.RemoveHs,6,AtomValenceException,"Explicit valence for atom # 6 C, 4, is greater than permitted",2026.03.4
43218,93292,Chem.RemoveHs,1,AtomValenceException,"Explicit valence for atom # 1 C, 4, is greater than permitted",2026.03.4
43425,80934,Chem.RemoveHs,6,AtomValenceException,"Explicit valence for atom # 6 C, 4, is greater than permitted",2026.03.4
43656,39183,Chem.RemoveHs,2,AtomValenceException,"Explicit valence for atom # 2 C, 4, is greater than permitted",2026.03.4
43733,66512,Chem.RemoveHs,6,AtomValenceException,"Explicit valence for atom # 6 C, 4, is greater than permitted",2026.03.4
45186,37960,Chem.RemoveHs,5,AtomValenceException,"Explicit valence for atom # 5 C, 4, is greater than permitted",2026.03.4
45408,89541,Chem.RemoveHs,1,AtomValenceException,"Explicit valence for atom # 1 C, 4, is greater than permitted",2026.03.4
45514,10423,Chem.RemoveHs,1,AtomValenceException,"Explicit valence for atom # 1 C, 4, is greater than permitted",2026.03.4
45756,63643,Chem.RemoveHs,1,AtomValenceException,"Explicit valence for atom # 1 C, 4, is greater than permitted",2026.03.4
46024,95958,Chem.RemoveHs,2,AtomValenceException,"Explicit valence for atom # 2 C, 4, is greater than permitted",2026.03.4
46030,61562,Chem.RemoveHs,1,AtomValenceException,"Explicit valence for atom # 1 C, 4, is greater than permitted",2026.03.4
46075,58397,Chem.RemoveHs,1,AtomValenceException,"Explicit valence for atom # 1 C, 4, is greater than permitted",2026.03.4
46199,58714,Chem.RemoveHs,4,AtomValenceException,"Explicit valence for atom # 4 C, 4, is greater than permitted",2026.03.4
46581,66336,Chem.RemoveHs,6,AtomValenceException,"Explicit valence for atom # 6 C, 4, is greater than permitted",2026.03.4
46689,13988,Chem.RemoveHs,1,AtomValenceException,"Explicit valence for atom # 1 C, 4, is greater than permitted",2026.03.4
46790,20650,Chem.RemoveHs,1,AtomValenceException,"Explicit valence for atom # 1 C, 4, is greater than permitted",2026.03.4
47138,95503,Chem.RemoveHs,1,AtomValenceException,"Explicit valence for atom # 1 C, 4, is greater than permitted",2026.03.4
47889,57773,Chem.RemoveHs,2,AtomValenceException,"Explicit valence for atom # 2 C, 4, is greater than permitted",2026.03.4
48062,15559,Chem.RemoveHs,4,AtomValenceException,"Explicit valence for atom # 4 C, 4, is greater than permitted",2026.03.4
49073,65856,Chem.RemoveHs,2,AtomValenceException,"Explicit valence for atom # 2 C, 4, is greater than permitted",2026.03.4
49149,57579,Chem.RemoveHs,1,AtomValenceException,"Explicit valence for atom # 1 C, 4, is greater than permitted",2026.03.4
49174,65884,Chem.RemoveHs,1,AtomValenceException,"Explicit valence for atom # 1 C, 4, is greater than permitted",2026.03.4
49195,6623,Chem.RemoveHs,1,AtomValenceException,"Explicit valence for atom # 1 C, 4, is greater than permitted",2026.03.4
49462,94808,Chem.RemoveHs,4,AtomValenceException,"Explicit valence for atom # 4 C, 4, is greater than permitted",2026.03.4
49520,44626,Chem.RemoveHs,7,AtomValenceException,"Explicit valence for atom # 7 C, 4, is greater than permitted",2026.03.4
49578,26216,Chem.RemoveHs,2,AtomValenceException,"Explicit valence for atom # 2 C, 4, is greater than permitted",2026.03.4
50195,50896,Chem.RemoveHs,3,AtomValenceException,"Explicit valence for atom # 3 C, 4, is greater than permitted",2026.03.4
50219,95328,Chem.RemoveHs,5,AtomValenceException,"Explicit valence for atom # 5 C, 4, is greater than permitted",2026.03.4
50284,51746,Chem.RemoveHs,1,AtomValenceException,"Explicit valence for atom # 1 C, 4, is greater than permitted",2026.03.4
50571,49829,Chem.RemoveHs,1,AtomValenceException,"Explicit valence for atom # 1 C, 4, is greater than permitted",2026.03.4
50824,28081,Chem.RemoveHs,1,AtomValenceException,"Explicit valence for atom # 1 C, 4, is greater than permitted",2026.03.4
50894,68165,Chem.RemoveHs,1,AtomValenceException,"Explicit valence for atom # 1 C, 4, is greater than permitted",2026.03.4
51217,53768,Chem.RemoveHs,1,AtomValenceException,"Explicit valence for atom # 1 C, 4, is greater than permitted",2026.03.4
51436,71353,Chem.RemoveHs,6,AtomValenceException,"Explicit valence for atom # 6 C, 4, is greater than permitted",2026.03.4
51530,62770,Chem.RemoveHs,1,AtomValenceException,"Explicit valence for atom # 1 C, 4, is greater than permitted",2026.03.4
51541,62093,Chem.RemoveHs,1,AtomValenceException,"Explicit valence for atom # 1 C, 4, is greater than permitted",2026.03.4
51561,29081,Chem.RemoveHs,1,AtomValenceException,"Explicit valence for atom # 1 C, 4, is greater than permitted",2026.03.4
51688,57767,Chem.RemoveHs,7,AtomValenceException,"Explicit valence for atom # 7 C, 4, is greater than permitted",2026.03.4
52514,23686,Chem.RemoveHs,2,AtomValenceException,"Explicit valence for atom # 2 C, 4, is greater than permitted",2026.03.4
52736,38464,Chem.RemoveHs,5,AtomValenceException,"Explicit valence for atom # 5 C, 4, is greater than permitted",2026.03.4
52955,18077,Chem.RemoveHs,1,AtomValenceException,"Explicit valence for atom # 1 C, 4, is greater than permitted",2026.03.4
53851,46693,Chem.RemoveHs,1,AtomValenceException,"Explicit valence for atom # 1 C, 4, is greater than permitted",2026.03.4
54442,71574,Chem.RemoveHs,1,AtomValenceException,"Explicit valence for atom # 1 C, 4, is greater than permitted",2026.03.4
54896,85780,Chem.RemoveHs,1,AtomValenceException,"Explicit valence for atom # 1 C, 4, is greater than permitted",2026.03.4
55391,58230,Chem.RemoveHs,1,AtomValenceException,"Explicit valence for atom # 1 C, 4, is greater than permitted",2026.03.4
55643,84327,Chem.RemoveHs,2,AtomValenceException,"Explicit valence for atom # 2 C, 4, is greater than permitted",2026.03.4
55738,87584,Chem.RemoveHs,1,AtomValenceException,"Explicit valence for atom # 1 C, 4, is greater than permitted",2026.03.4
55801,1001,Chem.RemoveHs,1,AtomValenceException,"Explicit valence for atom # 1 C, 4, is greater than permitted",2026.03.4
56659,86310,Chem.RemoveHs,1,AtomValenceException,"Explicit valence for atom # 1 C, 4, is greater than permitted",2026.03.4
56763,53008,Chem.RemoveHs,1,AtomValenceException,"Explicit valence for atom # 1 C, 4, is greater than permitted",2026.03.4
56831,60726,Chem.RemoveHs,1,AtomValenceException,"Explicit valence for atom # 1 C, 4, is greater than permitted",2026.03.4
56950,44202,Chem.RemoveHs,5,AtomValenceException,"Explicit valence for atom # 5 C, 4, is greater than permitted",2026.03.4
57022,45129,Chem.RemoveHs,6,AtomValenceException,"Explicit valence for atom # 6 C, 4, is greater than permitted",2026.03.4
58013,10707,Chem.RemoveHs,1,AtomValenceException,"Explicit valence for atom # 1 C, 4, is greater than permitted",2026.03.4
58062,68116,Chem.RemoveHs,6,AtomValenceException,"Explicit valence for atom # 6 C, 4, is greater than permitted",2026.03.4
58089,78465,Chem.RemoveHs,1,AtomValenceException,"Explicit valence for atom # 1 C, 4, is greater than permitted",2026.03.4
58721,4614,Chem.RemoveHs,7,AtomValenceException,"Explicit valence for atom # 7 C, 4, is greater than permitted",2026.03.4
59025,4846,Chem.RemoveHs,5,AtomValenceException,"Explicit valence for atom # 5 C, 4, is greater than permitted",2026.03.4
59146,54829,Chem.RemoveHs,7,AtomValenceException,"Explicit valence for atom # 7 C, 4, is greater than permitted",2026.03.4
59828,3316,Chem.RemoveHs,1,AtomValenceException,"Explicit valence for atom # 1 C, 4, is greater than permitted",2026.03.4
60292,54870,Chem.RemoveHs,2,AtomValenceException,"Explicit valence for atom # 2 C, 4, is greater than permitted",2026.03.4
60483,55432,Chem.RemoveHs,1,AtomValenceException,"Explicit valence for atom # 1 C, 4, is greater than permitted",2026.03.4
60508,7526,Chem.RemoveHs,1,AtomValenceException,"Explicit valence for atom # 1 C, 4, is greater than permitted",2026.03.4
60805,4464,Chem.RemoveHs,6,AtomValenceException,"Explicit valence for atom # 6 C, 4, is greater than permitted",2026.03.4
61444,52865,Chem.RemoveHs,1,AtomValenceException,"Explicit valence for atom # 1 C, 4, is greater than permitted",2026.03.4
61820,91635,Chem.RemoveHs,1,AtomValenceException,"Explicit valence for atom # 1 C, 4, is greater than permitted",2026.03.4
62100,93471,Chem.RemoveHs,5,AtomValenceException,"Explicit valence for atom # 5 C, 4, is greater than permitted",2026.03.4
62165,98462,Chem.RemoveHs,2,AtomValenceException,"Explicit valence for atom # 2 C, 4, is greater than permitted",2026.03.4
62209,45590,Chem.RemoveHs,4,AtomValenceException,"Explicit valence for atom # 4 C, 4, is greater than permitted",2026.03.4
62288,27228,Chem.RemoveHs,5,AtomValenceException,"Explicit valence for atom # 5 C, 4, is greater than permitted",2026.03.4
62343,48090,Chem.RemoveHs,1,AtomValenceException,"Explicit valence for atom # 1 C, 4, is greater than permitted",2026.03.4
62540,72932,Chem.RemoveHs,1,AtomValenceException,"Explicit valence for atom # 1 C, 4, is greater than permitted",2026.03.4
63045,28338,Chem.RemoveHs,3,AtomValenceException,"Explicit valence for atom # 3 C, 4, is greater than permitted",2026.03.4
63400,15225,Chem.RemoveHs,2,AtomValenceException,"Explicit valence for atom # 2 C, 4, is greater than permitted",2026.03.4
63469,84330,Chem.RemoveHs,5,AtomValenceException,"Explicit valence for atom # 5 C, 4, is greater than permitted",2026.03.4
63813,80469,Chem.RemoveHs,2,AtomValenceException,"Explicit valence for atom # 2 C, 4, is greater than permitted",2026.03.4
64322,32085,Chem.RemoveHs,6,AtomValenceException,"Explicit valence for atom # 6 C, 4, is greater than permitted",2026.03.4
64474,52855,Chem.RemoveHs,4,AtomValenceException,"Explicit valence for atom # 4 C, 4, is greater than permitted",2026.03.4
64676,10007,Chem.RemoveHs,1,AtomValenceException,"Explicit valence for atom # 1 C, 4, is greater than permitted",2026.03.4
64779,19312,Chem.RemoveHs,2,AtomValenceException,"Explicit valence for atom # 2 C, 4, is greater than permitted",2026.03.4
65232,44335,Chem.RemoveHs,2,AtomValenceException,"Explicit valence for atom # 2 C, 4, is greater than permitted",2026.03.4
65729,12697,Chem.RemoveHs,1,AtomValenceException,"Explicit valence for atom # 1 C, 4, is greater than permitted",2026.03.4
66224,81708,Chem.RemoveHs,1,AtomValenceException,"Explicit valence for atom # 1 C, 4, is greater than permitted",2026.03.4
66340,31813,Chem.RemoveHs,1,AtomValenceException,"Explicit valence for atom # 1 C, 4, is greater than permitted",2026.03.4
66468,39745,Chem.RemoveHs,2,AtomValenceException,"Explicit valence for atom # 2 C, 4, is greater than permitted",2026.03.4
67108,41506,Chem.RemoveHs,1,AtomValenceException,"Explicit valence for atom # 1 C, 4, is greater than permitted",2026.03.4
67258,21979,Chem.RemoveHs,1,AtomValenceException,"Explicit valence for atom # 1 C, 4, is greater than permitted",2026.03.4
67641,59746,Chem.RemoveHs,1,AtomValenceException,"Explicit valence for atom # 1 C, 4, is greater than permitted",2026.03.4
68604,28095,Chem.RemoveHs,7,AtomValenceException,"Explicit valence for atom # 7 C, 4, is greater than permitted",2026.03.4
68774,57988,Chem.RemoveHs,5,AtomValenceException,"Explicit valence for atom # 5 C, 4, is greater than permitted",2026.03.4
68843,83650,Chem.RemoveHs,2,AtomValenceException,"Explicit valence for atom # 2 C, 4, is greater than permitted",2026.03.4
69102,7498,Chem.RemoveHs,2,AtomValenceException,"Explicit valence for atom # 2 C, 4, is greater than permitted",2026.03.4
69642,0,Chem.RemoveHs,1,AtomValenceException,"Explicit valence for atom # 1 C, 4, is greater than permitted",2026.03.4
69813,23992,Chem.RemoveHs,2,AtomValenceException,"Explicit valence for atom # 2 C, 4, is greater than permitted",2026.03.4
69857,10114,Chem.RemoveHs,1,AtomValenceException,"Explicit valence for atom # 1 C, 4, is greater than permitted",2026.03.4
69986,44006,Chem.RemoveHs,1,AtomValenceException,"Explicit valence for atom # 1 C, 4, is greater than permitted",2026.03.4
70958,96469,Chem.RemoveHs,3,AtomValenceException,"Explicit valence for atom # 3 C, 4, is greater than permitted",2026.03.4
71170,71993,Chem.RemoveHs,4,AtomValenceException,"Explicit valence for atom # 4 C, 4, is greater than permitted",2026.03.4
71441,57159,Chem.RemoveHs,4,AtomValenceException,"Explicit valence for atom # 4 C, 4, is greater than permitted",2026.03.4
71553,41199,Chem.RemoveHs,1,AtomValenceException,"Explicit valence for atom # 1 C, 4, is greater than permitted",2026.03.4
72108,76463,Chem.RemoveHs,6,AtomValenceException,"Explicit valence for atom # 6 C, 4, is greater than permitted",2026.03.4
72987,90083,Chem.RemoveHs,3,AtomValenceException,"Explicit valence for atom # 3 C, 4, is greater than permitted",2026.03.4
73396,49514,Chem.RemoveHs,1,AtomValenceException,"Explicit valence for atom # 1 C, 4, is greater than permitted",2026.03.4
73402,53737,Chem.RemoveHs,1,AtomValenceException,"Explicit valence for atom # 1 C, 4, is greater than permitted",2026.03.4
73404,30080,Chem.RemoveHs,1,AtomValenceException,"Explicit valence for atom # 1 C, 4, is greater than permitted",2026.03.4
73464,81102,Chem.RemoveHs,1,AtomValenceException,"Explicit valence for atom # 1 C, 4, is greater than permitted",2026.03.4
73508,25802,Chem.RemoveHs,6,AtomValenceException,"Explicit valence for atom # 6 C, 4, is greater than permitted",2026.03.4
73839,41919,Chem.RemoveHs,5,AtomValenceException,"Explicit valence for atom # 5 C, 4, is greater than permitted",2026.03.4
74221,1181,Chem.RemoveHs,4,AtomValenceException,"Explicit valence for atom # 4 C, 4, is greater than permitted",2026.03.4
74793,30452,Chem.RemoveHs,2,AtomValenceException,"Explicit valence for atom # 2 C, 4, is greater than permitted",2026.03.4
74849,68606,Chem.RemoveHs,2,AtomValenceException,"Explicit valence for atom # 2 C, 4, is greater than permitted",2026.03.4
74913,25807,Chem.RemoveHs,1,AtomValenceException,"Explicit valence for atom # 1 C, 4, is greater than permitted",2026.03.4
75324,72939,Chem.RemoveHs,5,AtomValenceException,"Explicit valence for atom # 5 C, 4, is greater than permitted",2026.03.4
75426,31721,Chem.RemoveHs,6,AtomValenceException,"Explicit valence for atom # 6 C, 4, is greater than permitted",2026.03.4
76725,31838,Chem.RemoveHs,1,AtomValenceException,"Explicit valence for atom # 1 C, 4, is greater than permitted",2026.03.4
77385,93993,Chem.RemoveHs,1,AtomValenceException,"Explicit valence for atom # 1 C, 4, is greater than permitted",2026.03.4
77665,98786,Chem.RemoveHs,6,AtomValenceException,"Explicit valence for atom # 6 C, 4, is greater than permitted",2026.03.4
78219,4666,Chem.RemoveHs,1,AtomValenceException,"Explicit valence for atom # 1 C, 4, is greater than permitted",2026.03.4
78679,64225,Chem.RemoveHs,6,AtomValenceException,"Explicit valence for atom # 6 C, 4, is greater than permitted",2026.03.4
78692,75835,Chem.RemoveHs,1,AtomValenceException,"Explicit valence for atom # 1 C, 4, is greater than permitted",2026.03.4
79982,37468,Chem.RemoveHs,1,AtomValenceException,"Explicit valence for atom # 1 C, 4, is greater than permitted",2026.03.4
80851,74463,Chem.RemoveHs,6,AtomValenceException,"Explicit valence for atom # 6 C, 4, is greater than permitted",2026.03.4
81114,47295,Chem.RemoveHs,1,AtomValenceException,"Explicit valence for atom # 1 C, 4, is greater than permitted",2026.03.4
81243,15446,Chem.RemoveHs,7,AtomValenceException,"Explicit valence for atom # 7 C, 4, is greater than permitted",2026.03.4
81423,10944,Chem.RemoveHs,1,AtomValenceException,"Explicit valence for atom # 1 C, 4, is greater than permitted",2026.03.4
81497,34214,Chem.RemoveHs,1,AtomValenceException,"Explicit valence for atom # 1 C, 4, is greater than permitted",2026.03.4
81906,88220,Chem.RemoveHs,6,AtomValenceException,"Explicit valence for atom # 6 C, 4, is greater than permitted",2026.03.4
82445,35783,Chem.RemoveHs,5,AtomValenceException,"Explicit valence for atom # 5 C, 4, is greater than permitted",2026.03.4
82600,53181,Chem.RemoveHs,6,AtomValenceException,"Explicit valence for atom # 6 C, 4, is greater than permitted",2026.03.4
82994,70075,Chem.RemoveHs,6,AtomValenceException,"Explicit valence for atom # 6 C, 4, is greater than permitted",2026.03.4
83583,36404,Chem.RemoveHs,1,AtomValenceException,"Explicit valence for atom # 1 C, 4, is greater than permitted",2026.03.4
83699,94185,Chem.RemoveHs,3,AtomValenceException,"Explicit valence for atom # 3 C, 4, is greater than permitted",2026.03.4
83756,84739,Chem.RemoveHs,2,AtomValenceException,"Explicit valence for atom # 2 C, 4, is greater than permitted",2026.03.4
84205,5272,Chem.RemoveHs,6,AtomValenceException,"Explicit valence for atom # 6 C, 4, is greater than permitted",2026.03.4
84347,96952,Chem.RemoveHs,5,AtomValenceException,"Explicit valence for atom # 5 C, 4, is greater than permitted",2026.03.4
84537,19683,Chem.RemoveHs,1,AtomValenceException,"Explicit valence for atom # 1 C, 4, is greater than permitted",2026.03.4
84762,5018,Chem.RemoveHs,5,AtomValenceException,"Explicit valence for atom # 5 C, 4, is greater than permitted",2026.03.4
84804,8393,Chem.RemoveHs,7,AtomValenceException,"Explicit valence for atom # 7 C, 4, is greater than permitted",2026.03.4
84807,71505,Chem.RemoveHs,1,AtomValenceException,"Explicit valence for atom # 1 C, 4, is greater than permitted",2026.03.4
85328,73282,Chem.RemoveHs,1,AtomValenceException,"Explicit valence for atom # 1 C, 4, is greater than permitted",2026.03.4
86217,85842,Chem.RemoveHs,1,AtomValenceException,"Explicit valence for atom # 1 C, 4, is greater than permitted",2026.03.4
86226,13239,Chem.RemoveHs,3,AtomValenceException,"Explicit valence for atom # 3 C, 4, is greater than permitted",2026.03.4
86689,62903,Chem.RemoveHs,7,AtomValenceException,"Explicit valence for atom # 7 C, 4, is greater than permitted",2026.03.4
87005,48340,Chem.RemoveHs,1,AtomValenceException,"Explicit valence for atom # 1 C, 4, is greater than permitted",2026.03.4
87611,89981,Chem.RemoveHs,1,AtomValenceException,"Explicit valence for atom # 1 C, 4, is greater than permitted",2026.03.4
88181,43926,Chem.RemoveHs,1,AtomValenceException,"Explicit valence for atom # 1 C, 4, is greater than permitted",2026.03.4
89042,98219,Chem.RemoveHs,6,AtomValenceException,"Explicit valence for atom # 6 C, 4, is greater than permitted",2026.03.4
89265,378,Chem.RemoveHs,1,AtomValenceException,"Explicit valence for atom # 1 C, 4, is greater than permitted",2026.03.4
89384,97353,Chem.RemoveHs,1,AtomValenceException,"Explicit valence for atom # 1 C, 4, is greater than permitted",2026.03.4
89745,32082,Chem.RemoveHs,1,AtomValenceException,"Explicit valence for atom # 1 C, 4, is greater than permitted",2026.03.4
90337,26075,Chem.RemoveHs,1,AtomValenceException,"Explicit valence for atom # 1 C, 4, is greater than permitted",2026.03.4
90944,91607,Chem.RemoveHs,5,AtomValenceException,"Explicit valence for atom # 5 C, 4, is greater than permitted",2026.03.4
90957,93953,Chem.RemoveHs,1,AtomValenceException,"Explicit valence for atom # 1 C, 4, is greater than permitted",2026.03.4
91641,12926,Chem.RemoveHs,3,AtomValenceException,"Explicit valence for atom # 3 C, 4, is greater than permitted",2026.03.4
91927,57303,Chem.RemoveHs,4,AtomValenceException,"Explicit valence for atom # 4 C, 4, is greater than permitted",2026.03.4
93176,1337,Chem.RemoveHs,1,AtomValenceException,"Explicit valence for atom # 1 C, 4, is greater than permitted",2026.03.4
93372,17189,Chem.RemoveHs,1,AtomValenceException,"Explicit valence for atom # 1 C, 4, is greater than permitted",2026.03.4
93450,30284,Chem.RemoveHs,5,AtomValenceException,"Explicit valence for atom # 5 C, 4, is greater than permitted",2026.03.4
93509,66055,Chem.RemoveHs,1,AtomValenceException,"Explicit valence for atom # 1 C, 4, is greater than permitted",2026.03.4
93739,63922,Chem.RemoveHs,5,AtomValenceException,"Explicit valence for atom # 5 C, 4, is greater than permitted",2026.03.4
94543,89381,Chem.RemoveHs,6,AtomValenceException,"Explicit valence for atom # 6 C, 4, is greater than permitted",2026.03.4
94700,9775,Chem.RemoveHs,5,AtomValenceException,"Explicit valence for atom # 5 C, 4, is greater than permitted",2026.03.4
95108,66341,Chem.RemoveHs,1,AtomValenceException,"Explicit valence for atom # 1 C, 4, is greater than permitted",2026.03.4
95239,27941,Chem.RemoveHs,1,AtomValenceException,"Explicit valence for atom # 1 C, 4, is greater than permitted",2026.03.4
95248,22601,Chem.RemoveHs,1,AtomValenceException,"Explicit valence for atom # 1 C, 4, is greater than permitted",2026.03.4
95470,39244,Chem.RemoveHs,1,AtomValenceException,"Explicit valence for atom # 1 C, 4, is greater than permitted",2026.03.4
95880,23802,Chem.RemoveHs,6,AtomValenceException,"Explicit valence for atom # 6 C, 4, is greater than permitted",2026.03.4
95892,70762,Chem.RemoveHs,5,AtomValenceException,"Explicit valence for atom # 5 C, 4, is greater than permitted",2026.03.4
96628,83688,Chem.RemoveHs,1,AtomValenceException,"Explicit valence for atom # 1 C, 4, is greater than permitted",2026.03.4
96732,18349,Chem.RemoveHs,1,AtomValenceException,"Explicit valence for atom # 1 C, 4, is greater than permitted",2026.03.4
97192,78514,Chem.RemoveHs,1,AtomValenceException,"Explicit valence for atom # 1 C, 4, is greater than permitted",2026.03.4
97341,49294,Chem.RemoveHs,6,AtomValenceException,"Explicit valence for atom # 6 C, 4, is greater than permitted",2026.03.4
97386,51875,Chem.RemoveHs,2,AtomValenceException,"Explicit valence for atom # 2 C, 4, is greater than permitted",2026.03.4
97568,59970,Chem.RemoveHs,1,AtomValenceException,"Explicit valence for atom # 1 C, 4, is greater than permitted",2026.03.4
97573,59358,Chem.RemoveHs,7,AtomValenceException,"Explicit valence for atom # 7 C, 4, is greater than permitted",2026.03.4
98611,90112,Chem.RemoveHs,2,AtomValenceException,"Explicit valence for atom # 2 C, 4, is greater than permitted",2026.03.4
98631,43013,Chem.RemoveHs,1,AtomValenceException,"Explicit valence for atom # 1 C, 4, is greater than permitted",2026.03.4
98832,47496,Chem.RemoveHs,6,AtomValenceException,"Explicit valence for atom # 6 C, 4, is greater than permitted",2026.03.4
98837,35150,Chem.RemoveHs,2,AtomValenceException,"Explicit valence for atom # 2 C, 4, is greater than permitted",2026.03.4
98985,107280,Chem.RemoveHs,2,AtomValenceException,"Explicit valence for atom # 2 C, 4, is greater than permitted",2026.03.4
99344,109367,Chem.RemoveHs,5,AtomValenceException,"Explicit valence for atom # 5 C, 4, is greater than permitted",2026.03.4
99769,103268,Chem.RemoveHs,1,AtomValenceException,"Explicit valence for atom # 1 C, 4, is greater than permitted",2026.03.4
99812,105699,Chem.RemoveHs,5,AtomValenceException,"Explicit valence for atom # 5 C, 4, is greater than permitted",2026.03.4
100133,107879,Chem.RemoveHs,2,AtomValenceException,"Explicit valence for atom # 2 C, 4, is greater than permitted",2026.03.4
100276,113031,Chem.RemoveHs,1,AtomValenceException,"Explicit valence for atom # 1 C, 4, is greater than permitted",2026.03.4
100351,104634,Chem.RemoveHs,1,AtomValenceException,"Explicit valence for atom # 1 C, 4, is greater than permitted",2026.03.4
100846,102099,Chem.RemoveHs,6,AtomValenceException,"Explicit valence for atom # 6 C, 4, is greater than permitted",2026.03.4
101898,110368,Chem.RemoveHs,3,AtomValenceException,"Explicit valence for atom # 3 C, 4, is greater than permitted",2026.03.4
101934,101934,Chem.RemoveHs,4,AtomValenceException,"Explicit valence for atom # 4 C, 4, is greater than permitted",2026.03.4
102042,102176,Chem.RemoveHs,1,AtomValenceException,"Explicit valence for atom # 1 C, 4, is greater than permitted",2026.03.4
102081,102865,Chem.RemoveHs,1,AtomValenceException,"Explicit valence for atom # 1 C, 4, is greater than permitted",2026.03.4
102647,101426,Chem.RemoveHs,1,AtomValenceException,"Explicit valence for atom # 1 C, 4, is greater than permitted",2026.03.4
102688,112593,Chem.RemoveHs,1,AtomValenceException,"Explicit valence for atom # 1 C, 4, is greater than permitted",2026.03.4
103944,104079,Chem.RemoveHs,3,AtomValenceException,"Explicit valence for atom # 3 C, 4, is greater than permitted",2026.03.4
104235,105952,Chem.RemoveHs,5,AtomValenceException,"Explicit valence for atom # 5 C, 4, is greater than permitted",2026.03.4
104817,103445,Chem.RemoveHs,1,AtomValenceException,"Explicit valence for atom # 1 C, 4, is greater than permitted",2026.03.4
104870,102775,Chem.RemoveHs,6,AtomValenceException,"Explicit valence for atom # 6 C, 4, is greater than permitted",2026.03.4
105729,102917,Chem.RemoveHs,1,AtomValenceException,"Explicit valence for atom # 1 C, 4, is greater than permitted",2026.03.4
105982,112560,Chem.RemoveHs,1,AtomValenceException,"Explicit valence for atom # 1 C, 4, is greater than permitted",2026.03.4
106744,114135,Chem.RemoveHs,6,AtomValenceException,"Explicit valence for atom # 6 C, 4, is greater than permitted",2026.03.4
106956,111289,Chem.RemoveHs,1,AtomValenceException,"Explicit valence for atom # 1 C, 4, is greater than permitted",2026.03.4
106999,103151,Chem.RemoveHs,1,AtomValenceException,"Explicit valence for atom # 1 C, 4, is greater than permitted",2026.03.4
107093,99762,Chem.RemoveHs,4,AtomValenceException,"Explicit valence for atom # 4 C, 4, is greater than permitted",2026.03.4
107174,103586,Chem.RemoveHs,5,AtomValenceException,"Explicit valence for atom # 5 C, 4, is greater than permitted",2026.03.4
107422,111999,Chem.RemoveHs,4,AtomValenceException,"Explicit valence for atom # 4 C, 4, is greater than permitted",2026.03.4
108034,114700,Chem.RemoveHs,1,AtomValenceException,"Explicit valence for atom # 1 C, 4, is greater than permitted",2026.03.4
108113,101886,Chem.RemoveHs,4,AtomValenceException,"Explicit valence for atom # 4 C, 4, is greater than permitted",2026.03.4
108409,103783,Chem.RemoveHs,5,AtomValenceException,"Explicit valence for atom # 5 C, 4, is greater than permitted",2026.03.4
108574,109910,Chem.RemoveHs,1,AtomValenceException,"Explicit valence for atom # 1 C, 4, is greater than permitted",2026.03.4
109092,100341,Chem.RemoveHs,1,AtomValenceException,"Explicit valence for atom # 1 C, 4, is greater than permitted",2026.03.4
109635,115123,Chem.RemoveHs,1,AtomValenceException,"Explicit valence for atom # 1 C, 4, is greater than permitted",2026.03.4
109877,105941,Chem.RemoveHs,5,AtomValenceException,"Explicit valence for atom # 5 C, 4, is greater than permitted",2026.03.4
110523,103221,Chem.RemoveHs,2,AtomValenceException,"Explicit valence for atom # 2 C, 4, is greater than permitted",2026.03.4
111102,100828,Chem.RemoveHs,1,AtomValenceException,"Explicit valence for atom # 1 C, 4, is greater than permitted",2026.03.4
111254,109671,Chem.RemoveHs,1,AtomValenceException,"Explicit valence for atom # 1 C, 4, is greater than permitted",2026.03.4
111360,105827,Chem.RemoveHs,6,AtomValenceException,"Explicit valence for atom # 6 C, 4, is greater than permitted",2026.03.4
111394,106599,Chem.RemoveHs,1,AtomValenceException,"Explicit valence for atom # 1 C, 4, is greater than permitted",2026.03.4
111819,115372,Chem.RemoveHs,6,AtomValenceException,"Explicit valence for atom # 6 C, 4, is greater than permitted",2026.03.4
111926,104982,Chem.RemoveHs,4,AtomValenceException,"Explicit valence for atom # 4 C, 4, is greater than permitted",2026.03.4
111964,115860,Chem.RemoveHs,5,AtomValenceException,"Explicit valence for atom # 5 C, 4, is greater than permitted",2026.03.4
112016,107727,Chem.RemoveHs,2,AtomValenceException,"Explicit valence for atom # 2 C, 4, is greater than permitted",2026.03.4
112067,109860,Chem.RemoveHs,3,AtomValenceException,"Explicit valence for atom # 3 C, 4, is greater than permitted",2026.03.4
112229,105282,Chem.RemoveHs,7,AtomValenceException,"Explicit valence for atom # 7 C, 4, is greater than permitted",2026.03.4
112563,105635,Chem.RemoveHs,2,AtomValenceException,"Explicit valence for atom # 2 C, 4, is greater than permitted",2026.03.4
112779,114119,Chem.RemoveHs,6,AtomValenceException,"Explicit valence for atom # 6 C, 4, is greater than permitted",2026.03.4
112855,105911,Chem.RemoveHs,1,AtomValenceException,"Explicit valence for atom # 1 C, 4, is greater than permitted",2026.03.4
113214,110076,Chem.RemoveHs,6,AtomValenceException,"Explicit valence for atom # 6 C, 4, is greater than permitted",2026.03.4
113770,105909,Chem.RemoveHs,2,AtomValenceException,"Explicit valence for atom # 2 C, 4, is greater than permitted",2026.03.4
113811,110130,Chem.RemoveHs,2,AtomValenceException,"Explicit valence for atom # 2 C, 4, is greater than permitted",2026.03.4
113913,114545,Chem.RemoveHs,1,AtomValenceException,"Explicit valence for atom # 1 C, 4, is greater than permitted",2026.03.4
114156,102286,Chem.RemoveHs,1,AtomValenceException,"Explicit valence for atom # 1 C, 4, is greater than permitted",2026.03.4
114518,103778,Chem.RemoveHs,1,AtomValenceException,"Explicit valence for atom # 1 C, 4, is greater than permitted",2026.03.4
114596,113264,Chem.RemoveHs,2,AtomValenceException,"Explicit valence for atom # 2 C, 4, is greater than permitted",2026.03.4
114629,112858,Chem.RemoveHs,1,AtomValenceException,"Explicit valence for atom # 1 C, 4, is greater than permitted",2026.03.4
114853,113234,Chem.RemoveHs,1,AtomValenceException,"Explicit valence for atom # 1 C, 4, is greater than permitted",2026.03.4
114876,110467,Chem.RemoveHs,1,AtomValenceException,"Explicit valence for atom # 1 C, 4, is greater than permitted",2026.03.4
115056,103604,Chem.RemoveHs,2,AtomValenceException,"Explicit valence for atom # 2 C, 4, is greater than permitted",2026.03.4
115127,100357,Chem.RemoveHs,1,AtomValenceException,"Explicit valence for atom # 1 C, 4, is greater than permitted",2026.03.4
115251,100056,Chem.RemoveHs,1,AtomValenceException,"Explicit valence for atom # 1 C, 4, is greater than permitted",2026.03.4
116369,113952,Chem.RemoveHs,1,AtomValenceException,"Explicit valence for atom # 1 C, 4, is greater than permitted",2026.03.4
